Feature/Aspect,AWS Lex,Azure Bot Service,Recommendation for Healthcare
Natural Language Understanding,Advanced NLU with machine learning models,LUIS for natural language understanding,Better for complex medical conversations
Voice Support,Built-in speech recognition and synthesis,Speech services integration available,Superior voice capabilities for accessibility
Multi-language Support,"Multiple languages (English, Spanish, German, French, etc.)",Limited language support compared to Lex,Good for international patient base
Cloud Integration,Seamless AWS ecosystem integration,Strong Azure services integration,Ideal if already using AWS infrastructure
Pricing Model,"$0.004 per text request, $0.0075 per voice request",$0.50 per 1000 messages (most affordable),Higher cost but more features
Development Complexity,Moderate - requires AWS knowledge,Easy with Bot Framework SDK,Suitable for teams with AWS expertise
Healthcare Compliance,HIPAA compliant with BAA,HIPAA compliant options available,Strong compliance track record
Scalability,Auto-scaling with high availability,Azure auto-scaling capabilities,Excellent for variable patient loads
Real-time Processing,Sub-second response times,Good performance with Azure infrastructure,Critical for patient interaction quality
Analytics & Monitoring,CloudWatch integration for monitoring,Application Insights integration,Comprehensive healthcare analytics
Third-party Integrations,Extensive AWS services integration,Microsoft ecosystem integration,Rich ecosystem for health apps
Deployment Options,Cloud-native serverless,Cloud and on-premises options,Preferred for serverless architecture
